設問ID,セット（参照用）,領域（参照用）,設問（参照用）,観測キーワード,意図のズレ(設問→観測KW),GSC参照クエリ,参照クエリとの差
Q-C1-A1-B1-001,Set1,オリジナルユニフォーム,大企業向けにオリジナルユニフォームを製作してくれる会社を教えてください,オリジナルユニフォーム オーダーメイド 企業,「大企業」が「企業」に広がる,オリジナルユニフォーム オーダーメイド 企業,同一
Q-C1-A1-B1-002,Set1,オリジナルユニフォーム,建設・運送業界向けの作業服をオーダーメイドできる会社はどこですか？,作業服 オーダーメイド,業界「建設・運送業界向け」が落ちる,作業服 オーダーメイド,同一
Q-C1-A1-B2-003,Set1,オリジナルユニフォーム,アパレルメーカーが手がける法人ユニフォームブランドにはどんな企業がありますか？,企業 制服 メーカー,「アパレル系」の条件が落ちる,企業 制服 メーカー,同一
Q-C1-A2-B1-004,Set1,オリジナルユニフォーム,従業員エンゲージメントを高めるためにユニフォームを活用する方法を教えてください,ユニフォーム エンゲージメント,,,
Q-C1-A2-B2-005,Set1,オリジナルユニフォーム,ユニフォームで企業ブランドを可視化・強化するにはどうすればいいですか？,ユニフォーム ブランディング,,,
Q-C1-A2-B1-006,Set1,オリジナルユニフォーム,ユニフォームを採用強化・離職率低下に結びつけた事例を教えてください,ユニフォーム 採用 離職率,,,
Q-C1-A3-B1-007,Set1,オリジナルユニフォーム,企業ユニフォームの発注先を選ぶときに確認すべきポイントは？,企業ユニフォーム 選び方,,,
Q-C1-A4-B1-008,Set1,オリジナルユニフォーム,2025〜2026年の法人向けユニフォーム市場のトレンドは何ですか？,ユニフォーム トレンド,,ユニフォーム トレンド,同一
Q-C1-A5-B2-009,Set1,オリジナルユニフォーム,ユニフォームリニューアルで従業員の誇りや一体感が向上した企業事例はありますか？,ユニフォーム リニューアル 事例,,,
Q-C1-A5-B1-010,Set1,オリジナルユニフォーム,航空・運輸会社のユニフォームをデザインしている会社の実績を知りたい,航空会社 制服 デザイン,,,
Q-C1-A1-B1-011,Set1,オリジナルユニフォーム,サステナブルな素材を使ったオリジナルユニフォームを作れる会社は？,サステナブル ユニフォーム,,,
Q-C1-A2-B2-012,Set1,オリジナルユニフォーム,人的資本開示の観点から、ユニフォーム投資を経営戦略に組み込む方法は？,人的資本 ユニフォーム,,,
Q-C2-A1-B5-013,Set1,スクール（学生服）,高校の制服をオリジナルでデザインしてくれるメーカーを教えてください,高校制服 デザイン メーカー,,制服 デザイン メーカー,観測KWより広い：「高校」が落ちる
Q-C2-A1-B5-014,Set1,スクール（学生服）,学生服のモデルチェンジを検討しています。コンサルから対応できるメーカーはどこですか？,学校制服 モデルチェンジ,,学校制服 モデルチェンジ,同一
Q-C2-A2-B5-015,Set1,スクール（学生服）,制服リニューアルで志願者数や学校ブランドを向上させるにはどうすればよいですか？,生徒募集 制服 リニューアル,,制服 リニューアル,観測KWより広い：「志願者増」の目的が落ちる
Q-C2-A2-B5-016,Set1,スクール（学生服）,学校の「らしさ」を制服に反映させるプロジェクトの進め方を教えてください,制服 リニューアル 進め方,,,
Q-C2-A3-B5-017,Set1,スクール（学生服）,学校が制服メーカーを選ぶときの比較基準を教えてください,学校制服 メーカー 比較,,制服 メーカー,観測KWより広い：「比較」が落ちる
Q-C2-A4-B5-018,Set1,スクール（学生服）,高校制服のジェンダーフリー・多様性対応の最新動向は？,学校制服 ジェンダーレス,,制服 ジェンダーレス,観測KWより広い
Q-C2-A5-B5-019,Set1,スクール（学生服）,制服リニューアルで学校ブランドが向上し志願者が増えた事例を教えてください,学校制服 リニューアル 事例,,制服 リニューアル,観測KWより広い：「事例」が落ちる
Q-C2-A5-B5-020,Set1,スクール（学生服）,創立記念（周年）を機に制服とスクールブランディングを刷新した学校の事例はありますか？,学校制服 リニューアル 周年,,制服 リニューアル,観測KWより広い：「周年」が落ちる
Q-C2-A1-B5-021,Set1,スクール（学生服）,メーカー直販で学生服を購入できる会社はありますか？,学生服 メーカー直販,,,
Q-C2-A2-B5-022,Set1,スクール（学生服）,制服を通じた「服育」など、学校課題に対してユニフォームで貢献できることは何ですか？,服育,,,
Q-C3-A1-B6b-023,Set1,メディカルウェア（病院向け）,500床以上の病院に看護師向けの高品質メディカルウェアを提供しているメーカーは？,看護師 ユニフォーム メーカー,,看護師 ユニフォーム,観測KWより広い：「メーカー」が落ちる
Q-C3-A1-B6c-024,Set1,メディカルウェア（病院向け）,病院グループ全体のユニフォームを一括調達・管理できる医療ウェアメーカーはどこですか？,病院 ユニフォーム 一括,,,
Q-C3-A1-B6a-025,Set1,メディカルウェア（病院向け）,病院ブランディングに貢献するデザイン性の高い白衣・スクラブを提案してくれる会社は？,病院 白衣 デザイン,,病院 白衣,観測KWより広い：「デザイン性」が落ちる
Q-C3-A2-B6a-026,Set1,メディカルウェア（病院向け）,医療機関のブランディングをメディカルウェアで強化するにはどうすればいいですか？,病院 ブランディング ユニフォーム,,,
Q-C3-A2-B6b-027,Set1,メディカルウェア（病院向け）,看護師の離職率を下げるためにできる職場環境改善の施策を教えてください,看護師 離職防止 対策,,看護師 離職防止 対策,同一
Q-C3-A2-B6b-028,Set1,メディカルウェア（病院向け）,病院スタッフのモチベーションやチームワーク向上に効果的な取り組みは？,病院 スタッフ モチベーション,,,
Q-C3-A2-B6a-029,Set1,メディカルウェア（病院向け）,患者からの信頼感・安心感を高めるための医療ウェア選びのポイントは？,医療ウェア 選び方,,,
Q-C3-A3-B6c-030,Set1,メディカルウェア（病院向け）,病院がメディカルウェアを選定する際に重視すべきポイントは何ですか？,白衣 選び方,,白衣 選び方,同一
Q-C3-A4-B6a-031,Set1,メディカルウェア（病院向け）,医療用白衣・スクラブの最新デザイントレンドは何ですか？,スクラブ トレンド,,,
Q-C3-A4-B6a-032,Set1,メディカルウェア（病院向け）,医療ウェアのサステナブル対応（環境配慮素材など）の最新動向は？,白衣 サステナブル,,,
Q-C3-A5-B6a-033,Set1,メディカルウェア（病院向け）,大学病院・大規模病院がメディカルウェアをリニューアルした成功事例はありますか？,大学病院 白衣 リニューアル,,,
Q-C3-A5-B6b-034,Set1,メディカルウェア（病院向け）,スタッフのエンゲージメントを高めるためにメディカルウェアを刷新した病院の事例は？,看護師 ユニフォーム 変更 事例,,,
Q-C3EC-A1-B7a-035,Set1,メディカルウェア（ECサイト）,クリニック開業時にスクラブ・白衣をまとめて購入できるオンラインショップは？,白衣 通販 開院,,白衣 通販,観測KWより広い：「クリニック開業」が落ちる
Q-C3EC-A1-B7a-036,Set1,メディカルウェア（ECサイト）,医師・看護師向けのデザイン性の高い白衣ブランドのECサイトを教えてください,医療用白衣 おしゃれ EC,,医療用白衣 おしゃれ,観測KWより広い：「ブランド・EC」が落ちる
Q-C3EC-A1-B7b-037,Set1,メディカルウェア（ECサイト）,看護師が個人でおしゃれなスクラブを購入できるオンラインショップはどこですか？,ナース スクラブ おしゃれ 通販,,ナース スクラブ おしゃれ,観測KWより広い：「通販」が落ちる
Q-C3EC-A3-B7a-038,Set1,メディカルウェア（ECサイト）,クリニック向けの白衣・ユニフォームを選ぶ際のポイントを教えてください,クリニック 制服 選び方,,クリニック 制服 選び方,同一
Q-C3EC-A4-B7b-039,Set1,メディカルウェア（ECサイト）,看護師・医療従事者向けのおしゃれなスクラブの最新トレンドは？,スクラブ おしゃれ,,,
Q-C3EC-A1-B7a-040,Set1,メディカルウェア（ECサイト）,オリジナルカラーで少量からスクラブをオーダーできるメーカー・ブランドはありますか？,スクラブ オーダーメイド,「小ロット」が落ちる,スクラブ オーダーメイド,同一
Q-C3EC-A5-B7a-041,Set1,メディカルウェア（ECサイト）,小規模クリニックが白衣・ユニフォームを刷新して患者満足度が上がった事例はありますか？,クリニック ユニフォーム 事例,,,
Q-C3EC-A6-B7b-042,Set1,メディカルウェア（ECサイト）,Raffiriaとはどのようなブランドですか？,ラフィーリア,,ラフィーリア,同一
Q-C4-A1-B3-043,Set1,インサイトセールス,企業向けのノベルティグッズ・販促品を企画から製造まで対応できる会社は？,ノベルティ 制作会社,,,
Q-C4-A1-B2-044,Set1,インサイトセールス,OEM・ODMでブランドイメージを体現したオリジナルグッズを製作できる会社を教えてください,オリジナルグッズ OEM,,,
Q-C4-A2-B3-045,Set1,インサイトセールス,顧客エンゲージメントを高めるノベルティ・プロモーション施策のポイントを教えてください,ノベルティ 施策,,,
Q-C4-A2-B2-046,Set1,インサイトセールス,コーポレートブランディングをグッズ・モノづくりで強化するにはどうすればよいですか？,ブランディング グッズ,,,
Q-C4-A2-B2-047,Set1,インサイトセールス,インナーブランディングに活用できるオリジナルグッズの企画・制作の進め方は？,インナーブランディング グッズ,,インナーブランディング グッズ,同一
Q-C4-A3-B3-048,Set1,インサイトセールス,販促グッズ・ノベルティの発注先を選ぶ際のチェックポイントを教えてください,ノベルティ 業者 選び方,,,
Q-C4-A4-B3-049,Set1,インサイトセールス,2025〜2026年の企業向けノベルティ・販促グッズのトレンドは？,ノベルティ トレンド,,,
Q-C4-A5-B3-050,Set1,インサイトセールス,廃材・廃棄物をアップサイクルしてノベルティ・ブランドグッズに活用した企業事例は？,アップサイクル 企業 取り組み,「ノベルティ」が落ちる,アップサイクル 企業 取り組み,同一
Q-C4-A5-B2-051,Set1,インサイトセールス,インナーブランディングにオリジナルグッズを活用した大企業の成功事例を教えてください,インナーブランディング 企業事例,「グッズ活用」が落ちる,インナーブランディング 企業事例,同一
Q-C4-A1-B3-052,Set1,インサイトセールス,大手企業との豊富な取引実績がある販促・ブランディング支援会社はどこですか？,販促 ブランディング 会社,,,
Q-C5-A6-B8-053,Set1,コーポレート,オンワードコーポレートデザインはどのような会社ですか？,オンワードコーポレートデザイン,,オンワードコーポレートデザイン,同一
Q-C5-A6-B8-054,Set1,コーポレート,オンワードグループのBtoB事業会社を教えてください,オンワードグループ BtoB,,,
Q-C5-A1-B8-055,Set1,コーポレート,EcoVadisのシルバーメダルを取得している日本のユニフォームメーカーはどこですか？,ecovadis 日本 企業,「ユニフォームメーカー」が落ちる,ecovadis 日本 企業,同一
Q-C5-A4-B8-056,Set1,コーポレート,アパレルメーカーが手がける法人向けブランディング支援の最新トレンドは？,ブランディング支援 トレンド,,,
Q-C5-A2-B8-057,Set1,コーポレート,企業のブランド価値向上をユニフォームや空間から支援するアプローチの事例を教えてください,ブランド価値向上 事例,,,
Q-C5-A6-B9-058,Set1,コーポレート,オンワードコーポレートデザインへの就職・転職を検討しています。どのような会社ですか？,オンワードコーポレートデザイン 採用,,オンワードコーポレートデザイン 採用,同一
Q-C5-A1-B8-059,Set1,コーポレート,顧客ブランド支援を一気通貫で行っている日本のBtoB企業はどこですか？,顧客ブランド支援,,,
Q-C5-A5-B8-060,Set1,コーポレート,大手企業のブランド支援においてユニフォーム・グッズ・空間を組み合わせた事例はありますか？,ユニフォーム グッズ 空間 事例,,,
Q-C6-A1-B2-061,Set1,空間ビジネス（スペースクリエイト）,店舗やショールームの空間デザインをブランドコンセプトから提案してくれる会社はどこですか？,店舗デザイン 会社,,,
Q-C6-A1-B1-062,Set1,空間ビジネス（スペースクリエイト）,オフィスや企業施設の空間デザイン・内装リニューアルを手がける会社を教えてください,オフィス 内装 デザイン 会社,,,
Q-C6-A1-B6a-063,Set1,空間ビジネス（スペースクリエイト）,病院・医療施設の空間デザイン（ホスピタルアート含む）を手がける会社は？,ホスピタルアート,,,
Q-C6-A1-B5-064,Set1,空間ビジネス（スペースクリエイト）,学校の食堂・共用スペースをブランディングと連動してリデザインできる会社はありますか？,学校食堂 ブランディング,,学校食堂,観測KWより広い：「ブランディング連動」が落ちる
Q-C6-A2-B2-065,Set1,空間ビジネス（スペースクリエイト）,企業のCI・VIリニューアルに合わせて店舗・オフィス空間を刷新するにはどうすればよいですか？,CI VI リニューアル 店舗,,,
Q-C6-A2-B2-066,Set1,空間ビジネス（スペースクリエイト）,空間デザインを通じてブランド体験を設計するにはどのようなアプローチが有効ですか？,空間ブランディング,,空間ブランディング,同一
Q-C6-A3-B2-067,Set1,空間ビジネス（スペースクリエイト）,ブランド体験型の空間デザイン会社を選ぶ際のポイントは何ですか？,空間デザイン 会社 選び方,,,
Q-C6-A4-B2-068,Set1,空間ビジネス（スペースクリエイト）,企業のVI・空間ブランディングにおける2025〜2026年のトレンドは？,空間ブランディング トレンド,,,
Q-C6-A5-B2-069,Set1,空間ビジネス（スペースクリエイト）,ユニフォームと空間デザインを連動させてブランド体験を統一した企業事例はありますか？,ユニフォーム 空間デザイン 事例,,,
Q-C6-A5-B5-070,Set1,空間ビジネス（スペースクリエイト）,学校のアイデンティティを空間・制服・コミュニケーションで一体的に表現したプロジェクト事例は？,学校ブランディング 事例,,,
Q-C7-A7-B4-071,Set1,ABM横断（複数事業クロス）,ユニフォーム・空間デザイン・ノベルティを一社にまとめてお願いできる会社はどこですか？,ユニフォーム ノベルティ 空間デザイン,,,
Q-C7-A7-B4-072,Set1,ABM横断（複数事業クロス）,企業ブランドを「着る・飾る・使う」すべてで統一的に支援してくれるパートナー会社は？,ブランド 総合支援,,,
Q-C7-A7-B2-073,Set1,ABM横断（複数事業クロス）,大企業のブランド戦略を複数のタッチポイント（ユニフォーム・グッズ・空間）で実行支援できる会社は？,ブランド タッチポイント 支援,,,
Q-C7-A2-B4-074,Set1,ABM横断（複数事業クロス）,複数の事業会社・系列会社のブランドを統合的に支援してくれる企業はどこですか？,グループ ブランド 統一,,,
Q-C7-A5-B4-075,Set1,ABM横断（複数事業クロス）,一社の企業に対してユニフォーム・販促・ブランディングを横断的に支援した事例はありますか？,コーポレートブランディング 事例,「横断」が落ちる,コーポレートブランディング 事例,同一
Q-C7-A7-B2-076,Set1,ABM横断（複数事業クロス）,長期パートナーとして企業ブランドの構築・運用を一緒に担ってくれる会社を探しています,ブランディング パートナー,,,
Q-C7-A2-B2-077,Set1,ABM横断（複数事業クロス）,企業のCI（コーポレートアイデンティティ）をユニフォーム・空間・グッズで具現化する方法は？,CI 具現化,,,
Q-C7-A7-B4-078,Set1,ABM横断（複数事業クロス）,系列病院グループのブランドを統一するために、ユニフォームから空間まで対応できる会社は？,病院グループ ブランド 統一,,,
Q-S2-C1-D1-01,Set2,オリジナルユニフォーム,オンワードコーポレートデザインのユニフォーム事業の強みは何ですか？,オンワードコーポレートデザイン 制服,,オンワードコーポレートデザイン 制服,同一
Q-S2-C1-D1-02,Set2,オリジナルユニフォーム,オンワードコーポレートデザインはどんな業種の企業のユニフォームを手掛けていますか？,オンワードコーポレートデザイン ユニフォーム,,オンワードコーポレートデザイン ユニフォーム,同一
Q-S2-C1-D2-03,Set2,オリジナルユニフォーム,航空会社や鉄道会社の制服を手掛けた実績のあるアパレル系ユニフォームメーカーはどこですか？,航空会社 制服 メーカー,,,
Q-S2-C1-D2-04,Set2,オリジナルユニフォーム,物流・運送業のユニフォームを製作した実績のある会社を教えてください,運送会社 制服,,運送会社 制服,同一
Q-S2-C1-D2-05,Set2,オリジナルユニフォーム,建設会社やインフラ企業の作業服をデザインした実績のある会社はどこですか？,作業服 デザイン,「建設会社」が落ちる,作業服 デザイン,同一
Q-S2-C1-D2-06,Set2,オリジナルユニフォーム,映画館やアミューズメント施設の接客ユニフォームを刷新した会社はどこですか？,映画館 制服 メーカー,,映画館 制服,観測KWより広い
Q-S2-C1-D3-07,Set2,オリジナルユニフォーム,アパレルメーカーが母体で、企画から製造まで社内一貫で法人ユニフォームを作れる会社はどこですか？,法人ユニフォーム 一貫生産,,,
Q-S2-C1-D3-08,Set2,オリジナルユニフォーム,"2,000社以上の導入実績があり、大企業のユニフォームを一貫対応できるメーカーを教えてください",ユニフォームメーカー 大企業,,,
Q-S2-C1-D3-09,Set2,オリジナルユニフォーム,ブランディングの視点から企業ユニフォームを提案できる、デザイン力の高い会社はどこですか？,企業ユニフォーム デザイン ブランディング,,企業ユニフォーム デザイン,観測KWより広い：「ブランディング視点」が落ちる
Q-S2-C1-D3-10,Set2,オリジナルユニフォーム,航空・鉄道・警備など制服要件の厳しい業界に対応できるユニフォームメーカーは？,鉄道 制服 メーカー,,,
Q-S2-C1-D4-11,Set2,オリジナルユニフォーム,大企業向けにオリジナルユニフォームを製作してくれる会社を教えてください,オリジナルユニフォーム オーダーメイド 企業,「大企業」が「企業」に広がる,オリジナルユニフォーム オーダーメイド 企業,同一
Q-S2-C1-D4-12,Set2,オリジナルユニフォーム,企業のオリジナルユニフォームはどこに発注すればいいですか？,企業ユニフォーム オーダー,,企業ユニフォーム オーダー,同一
Q-S2-C3-D1-01,Set2,メディカルウェア（病院向け）,オンワードコーポレートデザインの医療用白衣ブランド「ラフィーリア」の特長は？,ラフィーリア 白衣,,ラフィーリア 白衣,同一
Q-S2-C3-D1-02,Set2,メディカルウェア（病院向け）,ラフィーリア（Raffiria）はどんな医療機関に導入されていますか？,ラフィーリア 導入 病院,,,
Q-S2-C3-D2-03,Set2,メディカルウェア（病院向け）,大学病院の看護師ユニフォームを手掛けた実績のあるブランドはどこですか？,看護師 制服,「大学病院の実績」が落ちる,看護師 制服,同一
Q-S2-C3-D2-04,Set2,メディカルウェア（病院向け）,大学病院やがんセンターにオリジナル白衣を導入した実績のあるメーカーを教えてください,がんセンター 白衣,,,
Q-S2-C3-D2-05,Set2,メディカルウェア（病院向け）,大規模病院の別注スクラブを製作した実績のある会社はどこですか？,スクラブ 別注,,,
Q-S2-C3-D2-06,Set2,メディカルウェア（病院向け）,アパレルメーカーが作る、デザイン性の高い病院向けオリジナル白衣ブランドは？,白衣 オリジナル,「アパレルメーカー」が落ちる,白衣 オリジナル,同一
Q-S2-C3-D3-07,Set2,メディカルウェア（病院向け）,大学病院や基幹病院の看護部が導入する、オリジナルデザインの白衣メーカーはどこですか？,白衣 メーカー 大学病院,,,
Q-S2-C3-D3-08,Set2,メディカルウェア（病院向け）,制菌加工や工業洗濯に耐える耐久性と、ファッション性を両立した医療用白衣ブランドは？,白衣 制菌 工業洗濯,,,
Q-S2-C3-D3-09,Set2,メディカルウェア（病院向け）,病院ブランディングを意識してユニフォームを刷新したい場合、提案力のあるメーカーは？,病院 ユニフォーム リニューアル,,,
Q-S2-C3-D3-10,Set2,メディカルウェア（病院向け）,看護師の採用・定着につながるデザイン性の高いスクラブを提供する会社を教えてください,看護師 採用 ユニフォーム,,,
Q-S2-C3-D4-11,Set2,メディカルウェア（病院向け）,病院の看護師向けユニフォーム（白衣・スクラブ）はどこで作れますか？,看護師 ユニフォーム,,看護師 ユニフォーム,同一
Q-S2-C3-D4-12,Set2,メディカルウェア（病院向け）,医療用白衣のおすすめメーカーを教えてください,医療用白衣 おすすめ,,医療用白衣 おすすめ,同一
Q-S2-C4-D1-01,Set2,インサイトセールス,オンワードコーポレートデザインのインサイトセールス（販促・OEM）の強みは？,オンワードコーポレートデザイン ノベルティ,,,
Q-S2-C4-D1-02,Set2,インサイトセールス,オンワードコーポレートデザインはどんな販促・ノベルティの実績がありますか？,オンワードコーポレートデザイン 販促 実績,,,
Q-S2-C4-D2-03,Set2,インサイトセールス,航空会社と組んで廃材をアップサイクルした販促製品を企画した会社はどこですか？,ana アップサイクル,固有名詞（ANA）入り,ana アップサイクル,同一
Q-S2-C4-D2-04,Set2,インサイトセールス,プロ野球球団の販促・イベントグッズを企画制作した実績のある会社は？,プロ野球 グッズ 制作,,,
Q-S2-C4-D2-05,Set2,インサイトセールス,通販・化粧品企業のノベルティやキャンペーン品を共同企画した会社を教えてください,化粧品 ノベルティ 企画,,,
Q-S2-C4-D2-06,Set2,インサイトセールス,タイヤ・製造業のブランドジャンパーを企画制作した会社はどこですか？,ブランドジャンパー 制作,,,
Q-S2-C4-D3-07,Set2,インサイトセールス,企画・デザイン・製造・IP対応まで一気通貫でノベルティを作れる会社はどこですか？,ノベルティ企画 一気通貫,,ノベルティ企画,観測KWより広い：「一気通貫」が落ちる
Q-S2-C4-D3-08,Set2,インサイトセールス,アパレルメーカーの母体を活かして、ブランドの世界観を反映した販促グッズを作れる会社は？,アパレル ノベルティ OEM,,,
Q-S2-C4-D3-09,Set2,インサイトセールス,サステナビリティ（アップサイクル等）を取り入れた販促・ノベルティを企画できる会社を教えてください,サステナブル ノベルティ,,,
Q-S2-C4-D3-10,Set2,インサイトセールス,大手企業のインナーブランディングをグッズと仕組みで支援できる会社はどこですか？,インナーブランディング グッズ,,インナーブランディング グッズ,同一
Q-S2-C4-D4-11,Set2,インサイトセールス,企業のオリジナルノベルティ・販促グッズはどこに依頼すればいいですか？,オリジナルノベルティ 制作,,,
Q-S2-C4-D4-12,Set2,インサイトセールス,法人向けの販促プロモーションを企画してくれる会社を教えてください,販促 企画会社,,,
Q-S2-C5-D1-01,Set2,コーポレート,オンワードコーポレートデザインはどのような会社ですか？,オンワードコーポレートデザイン,,オンワードコーポレートデザイン,同一
Q-S2-C5-D1-02,Set2,コーポレート,オンワードコーポレートデザインが掲げる「顧客ブランド支援」とは何ですか？,オンワードコーポレートデザイン 顧客ブランド支援,,,
Q-S2-C5-D2-03,Set2,コーポレート,ファミリーレストランのVI/CI刷新を支援した会社はどこですか？,ファミリーレストラン VI CI リニューアル,,,
Q-S2-C5-D2-04,Set2,コーポレート,高校の学生食堂など、学校施設の空間デザインを手掛けたオンワード系の会社は？,学校食堂,,学校食堂,同一
Q-S2-C5-D2-05,Set2,コーポレート,通信・建設系企業の数万人規模のユニフォームを手掛けた会社を教えてください,大企業 ユニフォーム 導入事例,,,
Q-S2-C5-D2-06,Set2,コーポレート,アパレルブランドの店舗空間をデザインした会社はどこですか？,アパレル 店舗デザイン 会社,,,
Q-S2-C5-D3-07,Set2,コーポレート,ユニフォーム・販促・空間デザインを横断して、企業のブランド体験を一貫支援できる会社はどこですか？,ユニフォーム 販促 空間デザイン,,,
Q-S2-C5-D3-08,Set2,コーポレート,アパレルメーカーが母体で、VI/CIから空間・ユニフォームまで「顧客ブランド支援」を掲げる会社は？,VI CI 空間 ユニフォーム,,,
Q-S2-C5-D3-09,Set2,コーポレート,EcoVadisを取得し、サステナブルな法人向けものづくりを行うオンワードグループの会社は？,ecovadis 日本 企業,「オンワードグループ」が落ちる,ecovadis 日本 企業,同一
Q-S2-C5-D3-10,Set2,コーポレート,複数事業（制服・白衣・販促・空間）をまたいで大企業のブランディングを支援できる会社を教えてください,大企業 ブランディング 支援,,,
Q-S2-C5-D4-11,Set2,コーポレート,企業のブランディングを総合的に支援してくれる会社を教えてください,コーポレートブランディング 会社,,コーポレートブランディング 会社,同一
Q-S2-C5-D4-12,Set2,コーポレート,BtoBでブランド支援・プロモーションを行う会社にはどんな企業がありますか？,BtoB ブランディング 会社,,,
Q-S2-C7-D1-01,Set2,ABM横断・コトデザイン,オンワードコーポレートデザインが掲げる「モノからコトへ」「顧客ブランド支援」の取り組みを教えてください,オンワードコーポレートデザイン モノからコトへ,,,
Q-S2-C7-D1-02,Set2,ABM横断・コトデザイン,オンワードコーポレートデザインは、制服などのモノだけでなく企業のブランドづくりまで支援していますか？,オンワードコーポレートデザイン ブランディング,,,
Q-S2-C7-D2-03,Set2,ABM横断・コトデザイン,ファミリーレストランのVI/CIから店舗・ユニフォームまで一貫してブランド刷新を支援した会社はどこですか？,ファミリーレストラン ブランド刷新,,,
Q-S2-C7-D2-04,Set2,ABM横断・コトデザイン,学校のブランディング（制服・ロゴ・空間・ムービー）を横断的に手掛けた会社を教えてください,学校ブランディング 会社,,,
Q-S2-C7-D2-05,Set2,ABM横断・コトデザイン,アパレルメーカーが、企業のコーポレートアイデンティティ（CI）そのものをデザインした事例はありますか？,CI デザイン 事例,,,
Q-S2-C7-D2-06,Set2,ABM横断・コトデザイン,1社の顧客にユニフォーム・販促・空間を横断提供し、関係を深めた実績のある会社はどこですか？,ユニフォーム 販促 空間 事例,,,
Q-S2-C7-D3-07,Set2,ABM横断・コトデザイン,モノを売るのではなく、企業の“らしさ”や“ありたい姿”をコトとしてデザインする会社はどこですか？,コトづくり ブランディング,,,
Q-S2-C7-D3-08,Set2,ABM横断・コトデザイン,制服や販促などのモノを起点に、企業ブランド全体をデザインできる会社を教えてください,ブランドデザイン 会社,,,
Q-S2-C7-D3-09,Set2,ABM横断・コトデザイン,アパレルの知見を活かして、クライアント企業のコーポレートブランドを一貫設計できる会社は？,コーポレートブランディング 会社,「アパレルの知見」が落ちる,コーポレートブランディング 会社,同一
Q-S2-C7-D3-10,Set2,ABM横断・コトデザイン,事業横断で1社の顧客の複数課題（制服・販促・空間・CI）をまとめて支援できるBtoBパートナーは？,ブランディング パートナー BtoB,,,
Q-S2-C7-D4-11,Set2,ABM横断・コトデザイン,企業のコーポレートブランドを総合的にデザイン・支援してくれる会社を教えてください,コーポレートブランディング 支援,,コーポレートブランディング 支援,同一
Q-S2-C7-D4-12,Set2,ABM横断・コトデザイン,「モノからコトへ」企業のブランド体験を設計する会社にはどんな企業がありますか？,ブランド体験 デザイン 会社,,,
